{
  "stats": {},
  "log": {
    "access": "/usr/local/v2ray/logs/access.log",
    "error": "/usr/local/v2ray/logs/error.log",
    "loglevel": "warning"
  },
  "api": {
    "tag": "api",
    "services": [
      "HandlerService",
      "LoggerService",
      "StatsService"
    ]
  },
  "policy": {
    "levels": {
      "0": {
        "statsUserUplink": true,
        "statsUserDownlink": true
      },
      "1": {
        "statsUserUplink": true,
        "statsUserDownlink": true
      }
    },
    "system": {
      "statsInboundUplink": true,
      "statsInboundDownlink": true
    }
  },
  "inbounds": [
    {
      "port": 8080,
      "listen": "127.0.0.1",
      "tag": "socks-inbound",
      "protocol": "vmess",
      "settings": {
        "clients": [

        ]
      },
      "streamSettings": {
        "network": "ws",
        "wsSettings": {
          "path": "/v2rayacd069d6eedf"
        }
      },
      "sniffing": {
        "enabled": true,
        "destOverride": [
          "http",
          "tls"
        ]
      }
    },
    {
      "listen": "0.0.0.0",
      "tag": "tg-in",
      "port": 6666,
      "protocol": "mtproto",
      "settings": {
        "users": [

        ]
      }
    },
    {
      "listen": "127.0.0.1",
      "port": 10099,
      "protocol": "dokodemo-door",
      "settings": {
        "address": "127.0.0.1"
      },
      "tag": "api"
    }
  ],
  "outbounds": [
    {
      "protocol": "freedom",
      "settings": {},
      "tag": "direct"
    },
    {
      "protocol": "blackhole",
      "settings": {},
      "tag": "blocked"
    },
    {
      "tag": "tg-out",
      "protocol": "mtproto",
      "settings": {}
    }
  ],
  "routing": {
    "domainStrategy": "IPOnDemand",
    "rules": [
      {
        "type": "field",
        "ip": [
          "geoip:private"
        ],
        "outboundTag": "blocked"
      },
      {
        "inboundTag": [
          "api"
        ],
        "outboundTag": "api",
        "type": "field"
      },
      {
        "type": "field",
        "inboundTag": [
          "tg-in"
        ],
        "outboundTag": "tg-out"
      },
      {
        "type": "field",
        "inboundTag": [
          "tg-in"
        ],
        "domain": [
          "*.gcr.io",
          "*.yzcencv.com",
          "agent-admin.yzcencv.com",
          "c09f942f1f.yzcencv.com",
          "www.65535.site",
          "*.jmk666.top",
          "yzcencv.com"
        ],
        "outboundTag": "freedom"
      },
      {
        "type": "field",
        "domain": [
          "geosite:category-ads"
        ],
        "outboundTag": "blocked"
      }
    ]
  },
  "dns": {
    "hosts": {
      "domain:v2ray.com": "www.vicemc.net",
      "domain:github.io": "pages.github.com",
      "domain:wikipedia.org": "www.wikimedia.org",
      "domain:shadowsocks.org": "electronicsrealm.com"
    },
    "servers": [
      "1.1.1.1",
      {
        "address": "223.5.5.5",
        "port": 53,
        "domains": [
          "geosite:cn"
        ]
      },
      "8.8.8.8",
      "localhost"
    ]
  },
  "other": {}
}
